Bezeichnung;Modell;Glasur;Zustand;Anzahl;Lagerort;Foto;Notiz;Erfasst am;Zuletzt geändert;Typ
Becher „Salbei“ 300 ml · Rohling;Becher „Salbei“ 300 ml;;Rohling;42;Regal C – Rohware;;;2026-10-02T13:32:02.735Z;;Becher
Becher „Salbei“ 300 ml · Seladon;Becher „Salbei“ 300 ml;Seladon;glasiert;18;Regal B – Lager;;;2026-10-02T13:32:02.799Z;2026-10-02T14:18:20.363Z;Becher
Becher „Salbei“ 300 ml · Salbeigrün;Becher „Salbei“ 300 ml;Salbeigrün;glasiert;6;Regal B – Lager;;;2026-10-02T13:32:02.851Z;;Becher
Schale „Tide“ flach · Rohling;Schale „Tide“ flach;;Rohling;25;Regal C – Rohware;;;2026-10-02T13:32:02.898Z;;Schale
Schale „Tide“ flach · Pflaumenblau;Schale „Tide“ flach;Pflaumenblau;glasiert;12;Regal B – Lager;;Auftrag Café Lindenhof;2026-10-02T13:32:02.948Z;;Schale
Teller „Salz“ 26 cm · Rohling;Teller „Salz“ 26 cm;;Rohling;30;Regal C – Rohware;;;2026-10-02T13:32:03.001Z;;Teller
Teller „Salz“ 26 cm · Wolkenweiß;Teller „Salz“ 26 cm;Wolkenweiß;glasiert;24;Regal A – Schauraum;;;2026-10-02T13:32:03.047Z;;Teller
Karaffe „Quelle“ · Rohling;Karaffe „Quelle“;;Rohling;5;Regal C – Rohware;;;2026-10-02T13:32:03.096Z;2026-10-02T17:36:31.835Z;Karaffe
Obertopf „Moos“ · Rohling;Obertopf „Moos“;;Rohling;20;Lager 2;;;2026-10-02T13:32:03.143Z;;Obertopf
Obertopf „Moos“ · Eisenbraun;Obertopf „Moos“;Eisenbraun;glasiert;18;Lager 2;;;2026-10-02T13:32:03.189Z;;Obertopf
