Name;Nummer;Typ;Status;Künstler:in;Jahr;Glasur;Maße;Fotos;Bildnachweis;Lagerort;Partner;Preis intern;Auf Website zeigen;Notiz;Erfasst von;Erfasst am;Geändert am;Inventarnummer;Verkauft am;Außer Haus seit;Rückgabe bis
Mondvase „Seladon“;1;Vase;verfügbar;Mira Hoffmann;2026;Seladon Nebel;Ø 32 × H 34 cm;139afb0e-ca45-4aee-a61a-cbf325667048.jpg;;Vitrine Eingang;;2400;ja;;Import;2026-10-02T13:31:35.105Z;;U-2026-001;;;
Schalen-Trio „Nebel“;2;Schale;verfügbar;Jonas Reiter;2026;Seladon, Aubergine;Ø 28 / 14 / 10 cm;71a4ef45-cfd8-4b6e-ad30-5692474c0346.jpg;;Regal A – Schauraum;;680;ja;;Import;2026-10-02T13:31:35.300Z;;U-2026-002;;;
Teeschale „Pflaume“;3;Schale;ausgestellt;Mira Hoffmann;2025;Pflaumenblau;Ø 12 × H 8 cm;;;Außer Haus;Galerie Nord;320;nein;;Import;2026-10-02T13:31:35.392Z;2026-10-02T19:36:46.127Z;U-2026-003;;2026-10-02;
Große Schale „Morgenlicht“;4;Schale;ausgestellt;Anna Keller;2026;Eisenbraun matt;Ø 42 × H 11 cm;;;Außer Haus;Keramikmuseum am Fluss;1250;ja;Leihgabe für die Ausstellung „Keramik heute“;Import;2026-10-02T13:31:35.425Z;2026-10-02T18:33:15.797Z;U-2026-004;;2026-09-01;2026-11-30
Obertopf „Wolke“;5;Obertopf;in Kommission;Jonas Reiter;2025;Wolkenweiß;Ø 30 × H 26 cm;bec980e9-8493-4cc9-b8b7-d9ab5f55de27.jpg;;Außer Haus;Galerie Nord;890;ja;;Import;2026-10-02T13:31:35.462Z;2026-10-02T18:32:48.016Z;U-2026-005;;2026-08-15;2026-11-15
Karaffe „Eisenquelle“;6;Karaffe;verfügbar;Anna Keller;2026;Eisenbraun, Seladon;H 28 cm;8bdcb14c-4da4-4cd7-83bc-8255fd397e82.jpg;;Regal B – Lager;;450;nein;;Import;2026-10-02T13:31:35.755Z;;U-2026-006;;;
Becher „Rauch“;7;Becher;ausgestellt;Mira Hoffmann;2026;Aschenglasur;Ø 8 × H 10 cm;755ea8ac-7b99-48e3-bb54-9cfcd573042f.jpg;;Außer Haus;Galerie Nord;95;nein;;Import;2026-10-02T13:31:36.036Z;2026-10-02T19:12:14.565Z;U-2026-007;;2026-10-02;
Teller „Salzbrand“;8;Teller;reserviert;Jonas Reiter;2025;Salzglasur;Ø 27 cm;d1fd8da2-ab87-44bc-8695-35307f39285a.jpg;;Regal A – Schauraum;;210;ja;;Import;2026-10-02T13:31:36.385Z;;U-2026-008;;;
Vase „Stille“;9;Vase;verkauft;Anna Keller;2024;Seladon Nebel;H 41 cm;828fb196-34b2-4ebe-9c62-2794fff4d19b.jpg;;;;3100;nein;;Import;2026-10-02T13:31:36.647Z;;U-2026-009;;;
Schale „Pflaumenblüte“;10;Schale;verfügbar;Mira Hoffmann;2026;Pflaumenblau, Wolkenweiß;Ø 24 × H 9 cm;;;Regal A – Schauraum;;540;ja;;Import;2026-10-02T13:31:36.750Z;;U-2026-010;;;
Mondvase klein „Mondschein“;11;Vase;in Kommission;Jonas Reiter;2025;Seladon Nebel;Ø 18 × H 19 cm;;;Außer Haus;Galerie Nord;980;ja;;Import;2026-10-02T13:31:36.782Z;2026-10-02T18:32:51.658Z;U-2026-011;;2026-07-01;2026-09-30
Teller „Aschenglasur“;12;Teller;verkauft;Anna Keller;2024;Aschenglasur;Ø 30 cm;;;;;260;nein;;Import;2026-10-02T13:31:36.819Z;;U-2026-012;;;
Test-Schale „Playwright“;13;Schale;ausgestellt;Anna Keller;2026;;Ø 20 × H 7 cm;testfoto.jpg;;Außer Haus;;150;nein;;KWM;2026-10-02T13:42:44.226Z;2026-10-02T19:44:23.148Z;U-2026-013;;2026-10-02;
Test-Krug „Playwright“;14;Krug;verkauft;;2026;;;testfoto.jpg;;Außer Haus;Galerie Nord;;nein;;KWM;2026-10-02T14:34:54.753Z;2026-10-02T19:44:08.084Z;U-2026-014;2026-10-02;;
